ActiveTestSuite.java,242
ActiveTestTest.java,376
After.java,62
AfterClass.java,62
AllDefaultPossibilitiesBuilder.java,228
AllMembersSupplier.java,1230
AllMembersSupplierTest.java,1056
AllTests.java,1688
AllTestsTest.java,463
Annotatable.java,46
AnnotatedBuilder.java,320
AnnotatedBuilderTest.java,656
AnnotatedDescriptionTest.java,433
AnnotationTest.java,2683
AnnotationValidator.java,122
AnnotationValidatorFactory.java,163
AnnotationValidatorFactoryTest.java,334
AnnotationsValidator.java,577
AnnotationsValidatorTest.java,441
ArrayComparisonFailure.java,223
Assert.java,2221
AssertTest.java,629
AssertionFailedError.java,62
AssertionFailedErrorTest.java,121
AssertionTest.java,3622
Assignments.java,861
Assume.java,304
AssumingInTheoriesTest.java,207
AssumptionTest.java,1295
AssumptionViolatedException.java,343
AssumptionViolatedExceptionTest.java,615
BadlyFormedClassesTest.java,289
BaseTestRunner.java,1457
BaseTestRunnerTest.java,204
Before.java,62
BeforeClass.java,62
BlockJUnit4ClassRunner.java,1694
BlockJUnit4ClassRunnerOverrideTest.java,504
BlockJUnit4ClassRunnerTest.java,155
BlockJUnit4ClassRunnerWithParameters.java,796
BlockJUnit4ClassRunnerWithParametersFactory.java,55
BooleanSupplier.java,104
Categories.java,1675
CategoriesAndParameterizedTest.java,593
Category.java,78
CategoryFilterFactory.java,199
CategoryFilterFactoryTest.java,326
CategoryTest.java,2725
CategoryValidator.java,319
CategoryValidatorTest.java,507
ClassLevelMethodsWithIgnoredTestsTest.java,660
ClassRequest.java,165
ClassRequestTest.java,89
ClassRoadie.java,370
ClassRule.java,68
ClassRulesTest.java,1055
Classes.java,56
CommandLineTest.java,331
ComparisonCompactor.java,489
ComparisonCompactorTest.java,640
ComparisonCriteria.java,355
ComparisonFailure.java,651
ComparisonFailureTest.java,286
Computer.java,141
ConcurrentRunNotifierTest.java,854
Correspondent.java,30
CouldNotReadCoreException.java,38
DataPoint.java,108
DataPoints.java,108
Describable.java,20
Description.java,984
DescriptionTest.java,878
DisableOnDebug.java,218
DisableOnDebugTest.java,707
DoublePrecisionAssertTest.java,219
EachTestNotifier.java,233
Enclosed.java,192
EnclosedTest.java,291
EnumSupplier.java,159
ErrorCollector.java,242
ErrorReportingRunner.java,382
ErrorReportingRunnerTest.java,62
EventCollector.java,1019
ExactComparisonCriteria.java,45
ExcludeCategories.java,167
ExpectException.java,197
ExpectedException.java,491
ExpectedExceptionMatcherBuilder.java,238
ExpectedExceptionTest.java,1646
ExpectedTest.java,400
ExperimentalTests.java,354
ExtensionTest.java,418
ExternalResource.java,119
ExternalResourceRuleTest.java,189
Fail.java,61
FailOnTimeout.java,1136
FailOnTimeoutTest.java,892
FailedBefore.java,35
FailedConstructionTest.java,156
FailingDataPointMethods.java,611
Failure.java,35
FailureList.java,137
Filter.java,343
FilterFactories.java,308
FilterFactoriesTest.java,648
FilterFactory.java,60
FilterFactoryParams.java,85
FilterOptionIntegrationTest.java,1086
FilterRequest.java,172
FilterTest.java,266
Filterable.java,24
FilterableTest.java,304
FixMethodOrder.java,82
FloatAssertTest.java,255
ForwardCompatibilityPrintingTest.java,490
ForwardCompatibilityTest.java,1281
FrameworkField.java,265
FrameworkFieldTest.java,346
FrameworkMember.java,153
FrameworkMethod.java,737
FrameworkMethodTest.java,346
FromDataPoints.java,91
Guesser.java,657
GuesserQueue.java,255
IMoney.java,65
Ignore.java,75
IgnoreClassTest.java,149
IgnoredBuilder.java,83
IgnoredClassRunner.java,106
IncludeCategories.java,167
InexactComparisonCriteria.java,115
InheritedTestCase.java,22
InheritedTestTest.java,179
InitializationError.java,115
InitializationErrorForwardCompatibilityTest.java,512
InvokeMethod.java,92
JUnit38ClassRunner.java,1078
JUnit38ClassRunnerTest.java,819
JUnit38SortingTest.java,282
JUnit3Builder.java,108
JUnit4.java,45
JUnit4Builder.java,69
JUnit4ClassRunner.java,828
JUnit4ClassRunnerTest.java,282
JUnit4TestAdapter.java,437
JUnit4TestAdapterCache.java,431
JUnit4TestCaseFacade.java,103
JUnitCommandLineParseResult.java,740
JUnitCommandLineParseResultTest.java,864
JUnitCore.java,479
JUnitCoreReturnsCorrectExitCodeTest.java,214
JUnitCoreTest.java,130
JUnitMatchers.java,379
JUnitSystem.java,34
JavadocTest.java,429
ListTest.java,497
ListenerTest.java,176
LoggingTestWatcher.java,157
MainRunner.java,1153
MatcherTest.java,309
MaxCore.java,788
MaxHistory.java,760
MaxStarterTest.java,1702
MethodCall.java,294
MethodRoadie.java,856
MethodRule.java,55
MethodRulesTest.java,1515
MethodSorter.java,310
MethodSorterTest.java,818
MethodSorters.java,95
MethodValidator.java,553
Money.java,380
MoneyBag.java,705
MoneyTest.java,1285
MultiCategoryTest.java,1478
MultipleFailureException.java,60
MultipleFailureExceptionTest.java,413
NameRulesTest.java,232
NoArgTestCaseTest.java,29
NoGenericTypeParametersValidator.java,344
NoTestCaseClass.java,22
NoTestCases.java,29
NoTestsRemainException.java,25
NotPublicTestCase.java,36
NotVoidTestCase.java,39
NullBuilder.java,56
ObjectContractTest.java,291
OldTestClassAdaptingListenerTest.java,183
OldTests.java,66
OneTestCase.java,45
OverrideTestCase.java,24
ParallelClassTest.java,470
ParallelComputer.java,372
ParallelMethodTest.java,345
ParameterSignature.java,880
ParameterSignatureTest.java,575
ParameterSupplier.java,37
Parameterized.java,924
ParameterizedAssertionError.java,283
ParameterizedAssertionErrorTest.java,544
ParameterizedNamesTest.java,265
ParameterizedTestMethodTest.java,665
ParameterizedTestTest.java,2485
ParametersRunnerFactory.java,44
ParametersSuppliedBy.java,93
ParentRunner.java,1759
ParentRunnerFilteringTest.java,990
ParentRunnerTest.java,1335
PotentialAssignment.java,210
PotentialAssignmentTest.java,270
PrintableResult.java,231
PrintableResultTest.java,332
Protectable.java,20
PublicClassValidator.java,112
PublicClassValidatorTest.java,201
RealSystem.java,52
ReflectiveCallable.java,67
ReguessableValue.java,71
RepeatedTest.java,148
RepeatedTestTest.java,323
Request.java,394
Result.java,878
ResultMatchers.java,263
ResultMatchersTest.java,136
ResultPrinter.java,668
ResultTest.java,641
Rule.java,68
RuleChain.java,209
RuleChainTest.java,312
RuleMemberValidator.java,1245
RuleMemberValidatorTest.java,1482
RunAfters.java,210
RunBefores.java,134
RunListener.java,175
RunNotifier.java,737
RunNotifierTest.java,791
RunRules.java,127
RunWith.java,85
RunWithTest.java,356
Runner.java,59
RunnerBuilder.java,366
RunnerBuilderStub.java,60
RunnerScheduler.java,27
RunnerSpy.java,129
RunnerTest.java,325
SimpleTest.java,177
SingleMethodTest.java,931
Sortable.java,23
SortableTest.java,873
Sorter.java,150
SortingRequest.java,133
SpecificDataPointsSupplier.java,575
SpecificDataPointsSupplierTest.java,953
StackFilterTest.java,260
StacktracePrintingMatcher.java,265
StacktracePrintingMatcherTest.java,244
Statement.java,25
StoppedByUserException.java,25
Stopwatch.java,454
StopwatchTest.java,1154
StringableObject.java,133
Stub.java,45
StubbedTheories.java,371
StubbedTheoriesTest.java,98
Sub.java,19
Success.java,38
SuccessfulWithDataPointFields.java,836
Suite.java,514
SuiteDescriptionTest.java,251
SuiteMethod.java,167
SuiteMethodBuilder.java,118
SuiteMethodTest.java,612
SuiteTest.java,986
Super.java,32
SynchronizedRunListener.java,339
SynchronizedRunListenerTest.java,815
SystemExitTest.java,216
TempFolderRuleTest.java,1381
TemporaryFolder.java,520
TemporaryFolderUsageTest.java,1093
Test.java,106
TestCase.java,1482
TestCaseTest.java,890
TestClass.java,613
TestClassTest.java,1148
TestClassValidator.java,42
TestDecorator.java,122
TestDescriptionMethodNameTest.java,264
TestDescriptionTest.java,145
TestFailure.java,162
TestImplementorTest.java,236
TestListener.java,49
TestListenerTest.java,341
TestMethod.java,332
TestMethodTest.java,918
TestName.java,57
TestResult.java,582
TestRule.java,43
TestRuleTest.java,2956
TestRunListener.java,84
TestRunner.java,838
TestSetup.java,118
TestSuite.java,1212
TestSystem.java,113
TestTimedOutException.java,109
TestWatcher.java,533
TestWatcherTest.java,923
TestWatchman.java,177
TestWatchmanTest.java,332
TestWithParameters.java,353
TestWithParametersTest.java,749
TestedOn.java,94
TestedOnSupplier.java,144
TestedOnSupplierTest.java,217
TextFeedbackTest.java,714
TextListener.java,533
TextListenerTest.java,420
TextRunnerSingleMethodTest.java,149
TextRunnerTest.java,346
Theories.java,1441
TheoriesPerformanceTest.java,215
Theory.java,74
TheoryTestUtils.java,215
ThreeTestCases.java,43
ThrowableCauseMatcher.java,198
ThrowableCauseMatcherTest.java,98
ThrowableMessageMatcher.java,192
Throwables.java,73
Timeout.java,450
TimeoutRuleTest.java,977
TimeoutTest.java,1924
TypeMatchingBetweenMultiDataPointsMethod.java,299
TypeSafeMatcher.java,257
UnsuccessfulWithDataPointFields.java,1120
UseSuiteAsASuperclassTest.java,229
UserStopTest.java,160
ValidateWith.java,60
ValidationError.java,84
ValidationTest.java,190
Verifier.java,87
VerifierRuleTest.java,785
Version.java,51
WasRun.java,39
WhenNoParametersMatch.java,328
WithAutoGeneratedDataPoints.java,339
WithDataPointMethod.java,599
WithExtendedParameterSources.java,882
WithNamedDataPoints.java,387
WithOnlyTestAnnotations.java,453
WithParameterSupplier.java,728
WithUnresolvedGenericTypeVariablesOnTheoryParms.java,1047
package-info.java,8
